<?xml version="1.0" encoding="utf-8"?>
<!--
  ~ @package   AkeebaReleaseSystem
  ~ @copyright Copyright (c)2010-2019 Nicholas K. Dionysopoulos / Akeeba Ltd
  ~ @license   GNU General Public License version 3, or later
  -->

<extension type="module" version="2.5.0" method="upgrade" client="site">
    <name>Akeeba Release System - Download ID</name>
    <author>Nicholas K. Dionysopoulos</author>
    <creationDate>2019-04-22</creationDate>
    <copyright>Copyright (c) 2010-2017 Nicholas K. Dionysopoulos</copyright>
    <license>http://www.gnu.org/copyleft/gpl.html GNU/GPL v3 or later</license>
    <authorEmail>nicholas@dionysopoulos.me</authorEmail>
    <authorUrl>http://www.akeebabackup.com</authorUrl>
    <version>4.2.1</version>
    <description>MOD_ARSDLID_DESC</description>
    <files>
        <filename module="mod_arsdlid">mod_arsdlid.php</filename>
        <filename>.htaccess</filename>
        <filename>web.config</filename>
        <folder>tmpl</folder>
    </files>
    <languages folder="language">
        <language tag="en-GB">en-GB/en-GB.mod_arsdlid.ini</language>
        <language tag="en-GB">en-GB/en-GB.mod_arsdlid.sys.ini</language>
    </languages>
    <config>
        <fields name="params">
            <fieldset name="basic">
                <field name="cache" type="list" default="1" label="MOD_ARSDLID_OPT_CACHING_LBL"
                       description="MOD_ARSDLID_OPT_CACHING_DESC">
                    <option value="0">MOD_ARSDLID_OPT_CACHING_NONE</option>
                </field>
                <field name="moduleclass_sfx" type="text" default="" label="MOD_ARSDLID_OPT_SUFFIX_LBL"
                       description="MOD_ARSDLID_OPT_SUFFIX_DESC"/>
            </fieldset>
            <fieldset name="advanced">
                <field name="pretext" type="textarea" cols="30" rows="5" default="" label="MOD_ARSDLID_OPT_PRETEXT_LBL"
                       description="MOD_ARSDLID_OPT_PRETEXT_DESC" filter="safehtml"/>
                <field name="posttext" type="textarea" cols="30" rows="5" default=""
                       label="MOD_ARSDLID_OPT_POSTTEXT_LBL" description="MOD_ARSDLID_OPT_POSTTEXT_DESC"
                       filter="safehtml"/>
            </fieldset>
        </fields>
    </config>

    <scriptfile>script.php</scriptfile>

</extension>