<?xml version="1.0" encoding="UTF-8"?>
<!--
  ~ @package   AkeebaReleaseSystem
  ~ @copyright Copyright (c)2010-2019 Nicholas K. Dionysopoulos / Akeeba Ltd
  ~ @license   GNU General Public License version 3, or later
  -->
<schema>
    <!-- Metadata -->
    <meta>
        <!-- Supported driver types -->
        <drivers>
            <driver>mysql</driver>
            <driver>mysqli</driver>
            <driver>pdomysql</driver>
        </drivers>
    </meta>

    <!-- SQL commands to run on installation and update -->
    <sql>
        <action table="#__ars_vgroups" canfail="0">
            <condition type="missing" value="" />
            <query><![CDATA[
CREATE TABLE `#__ars_vgroups` (
    `id` bigint(20) NOT NULL AUTO_INCREMENT,
    `title` varchar(255) NOT NULL,
    `description` mediumtext,
    `created` datetime NOT NULL,
    `created_by` int(11) NOT NULL DEFAULT '0',
    `modified` datetime NOT NULL DEFAULT '0000-00-00 00:00:00',
    `modified_by` int(11) NOT NULL DEFAULT '0',
    `checked_out` int(11) NOT NULL DEFAULT '0',
    `checked_out_time` datetime NOT NULL DEFAULT '0000-00-00 00:00:00',
    `ordering` bigint(20) NOT NULL DEFAULT '0',
    `published` int(11) NOT NULL DEFAULT '1',
    PRIMARY KEY (`id`)
) DEFAULT COLLATE utf8_general_ci;
            ]]></query>
        </action>

        <action table="#__ars_categories" canfail="0">
            <condition type="missing" value="" />
            <query><![CDATA[
CREATE TABLE `#__ars_categories` (
    `id` bigint(20) NOT NULL AUTO_INCREMENT,
    `asset_id` int(10) unsigned NOT NULL DEFAULT 0 COMMENT 'FK to the #__assets table.',
    `title` varchar(255) NOT NULL,
    `alias` varchar(255) NOT NULL,
    `description` mediumtext,
    `type` enum('normal','bleedingedge') NOT NULL DEFAULT 'normal',
    `groups` varchar(255) DEFAULT NULL,
    `directory` varchar(255) NOT NULL DEFAULT 'arsrepo',
	`vgroup_id` bigint(20) NOT NULL DEFAULT '0',
    `created` datetime NOT NULL,
    `created_by` int(11) NOT NULL DEFAULT '0',
    `modified` datetime NOT NULL DEFAULT '0000-00-00 00:00:00',
    `modified_by` int(11) NOT NULL DEFAULT '0',
    `checked_out` int(11) NOT NULL DEFAULT '0',
    `checked_out_time` datetime NOT NULL DEFAULT '0000-00-00 00:00:00',
    `ordering` bigint(20) NOT NULL DEFAULT '0',
    `access` int(11) NOT NULL DEFAULT '0',
    `show_unauth_links` TINYINT NOT NULL DEFAULT '0',
    `redirect_unauth` VARCHAR( 255 ) NOT NULL,
    `published` int(11) NOT NULL DEFAULT '1',
    `is_supported` TINYINT NOT NULL DEFAULT '1',
	`language` char(7) NOT NULL DEFAULT '*',
    PRIMARY KEY (`id`),
	KEY `#___ars_categories_published` (`published`)
) DEFAULT COLLATE utf8_general_ci;
            ]]></query>
        </action>

        <action table="#__ars_releases" canfail="0">
            <condition type="missing" value="" />
            <query><![CDATA[
CREATE TABLE `#__ars_releases` (
    `id` bigint(20) NOT NULL AUTO_INCREMENT,
    `category_id` BIGINT(20) UNSIGNED NOT NULL,
    `version` VARCHAR(255) NOT NULL,
    `alias` VARCHAR(255) NOT NULL,
    `maturity` ENUM('alpha','beta','rc','stable') NOT NULL DEFAULT 'beta',
    `description` MEDIUMTEXT NULL,
    `notes` TEXT NULL,
    `groups` varchar(255) DEFAULT NULL,
    `hits` BIGINT(20) UNSIGNED NOT NULL DEFAULT 0,
    `created` datetime NOT NULL DEFAULT '0000-00-00 00:00:00',
    `created_by` int(11) NOT NULL DEFAULT '0',
    `modified` datetime NOT NULL DEFAULT '0000-00-00 00:00:00',
    `modified_by` int(11) NOT NULL DEFAULT '0',
    `checked_out` int(11) NOT NULL DEFAULT '0',
    `checked_out_time` datetime NOT NULL DEFAULT '0000-00-00 00:00:00',
    `ordering` bigint(20) unsigned NOT NULL,
    `access` int(11) NOT NULL DEFAULT '0',
    `show_unauth_links` TINYINT NOT NULL DEFAULT '0',
    `redirect_unauth` VARCHAR( 255 ) NOT NULL,
    `published` tinyint(1) NOT NULL DEFAULT '1',
	`language` char(7) NOT NULL DEFAULT '*',
	PRIMARY KEY `id` (`id`),
	KEY `#__ars_releases_category_id` (`category_id`),
	KEY `#__ars_releases_published` (`published`)
) DEFAULT COLLATE utf8_general_ci;
            ]]></query>
        </action>

        <action table="#__ars_items" canfail="0">
            <condition type="missing" value="" />
            <query><![CDATA[
CREATE TABLE `#__ars_items` (
    `id` bigint(20) NOT NULL AUTO_INCREMENT,
    `release_id` BIGINT(20) NOT NULL,
    `title` VARCHAR(255) NOT NULL,
    `alias` VARCHAR(255) NOT NULL,
    `description` MEDIUMTEXT NOT NULL,
    `type` ENUM('link','file'),
    `filename` VARCHAR(255) NULL DEFAULT '',
    `url` VARCHAR(255) NULL DEFAULT '',
    `updatestream` BIGINT(20) UNSIGNED DEFAULT NULL,
    `md5` varchar(32) DEFAULT NULL,
    `sha1` varchar(64) DEFAULT NULL,
    `sha256` varchar(64) DEFAULT NULL,
    `sha384` varchar(96) DEFAULT NULL,
    `sha512` varchar(128) DEFAULT NULL,
    `filesize` int(10) unsigned DEFAULT NULL,
    `groups` varchar(255) DEFAULT NULL,
    `hits` BIGINT(20) UNSIGNED NOT NULL DEFAULT 0,
    `created` datetime NOT NULL,
    `created_by` int(11) NOT NULL DEFAULT '0',
    `modified` datetime NOT NULL DEFAULT '0000-00-00 00:00:00',
    `modified_by` int(11) NOT NULL DEFAULT '0',
    `checked_out` int(11) NOT NULL DEFAULT '0',
    `checked_out_time` datetime NOT NULL DEFAULT '0000-00-00 00:00:00',
    `ordering` bigint(20) unsigned NOT NULL,
    `access` int(11) NOT NULL DEFAULT '0',
    `show_unauth_links` TINYINT NOT NULL DEFAULT '0',
    `redirect_unauth` VARCHAR( 255 ) NOT NULL,
    `published` tinyint(1) NOT NULL DEFAULT '1',
	`language` char(7) NOT NULL DEFAULT '*',
    `environments` varchar(255) DEFAULT NULL,
	PRIMARY KEY `id` (`id`),
	KEY `#__ars_items_release_id` (`release_id`),
	KEY `#__ars_items_updatestream` (`updatestream`),
	KEY `#__ars_items_published` (`published`)
) DEFAULT COLLATE utf8_general_ci;
            ]]></query>
        </action>

        <action table="#__ars_log" canfail="0">
            <condition type="missing" value="" />
            <query><![CDATA[
CREATE TABLE `#__ars_log` (
    `id` bigint(20) NOT NULL AUTO_INCREMENT,
    `user_id` BIGINT(20) UNSIGNED NOT NULL,
    `item_id` BIGINT(20) UNSIGNED NOT NULL,
    `accessed_on` DATETIME NOT NULL,
    `referer` VARCHAR(255) NOT NULL,
    `ip` VARCHAR(255) NOT NULL,
    `country` VARCHAR(3) NOT NULL,
    `authorized` TINYINT(1) NOT NULL DEFAULT '1',
	PRIMARY KEY `id` (`id`),
	KEY `ars_log_accessed` (`accessed_on`),
	KEY `ars_log_authorized` (`authorized`),
	KEY `ars_log_itemid` (`item_id`),
	KEY `ars_log_userid` (`user_id`)
) DEFAULT COLLATE utf8_general_ci;
            ]]></query>
        </action>

        <action table="#__ars_updatestreams" canfail="0">
            <condition type="missing" value="" />
            <query><![CDATA[
CREATE TABLE `#__ars_updatestreams` (
	`id` bigint(20) NOT NULL AUTO_INCREMENT,
	`name` VARCHAR(255) NOT NULL,
	`alias` VARCHAR(255) NOT NULL,
	`type` ENUM('components','libraries','modules','packages','plugins','files','templates') NOT NULL DEFAULT 'components',
	`element` VARCHAR(255) NOT NULL,
	`category` BIGINT(20) UNSIGNED NOT NULL,
	`packname` VARCHAR(255),
	`client_id` int(1) NOT NULL DEFAULT '1',
	`folder` varchar(255) DEFAULT '',
	`jedid` bigint(20) NOT NULL,
	`created` datetime NOT NULL,
	`created_by` int(11) NOT NULL DEFAULT '0',
	`modified` datetime NOT NULL DEFAULT '0000-00-00 00:00:00',
	`modified_by` int(11) NOT NULL DEFAULT '0',
	`checked_out` int(11) NOT NULL DEFAULT '0',
	`checked_out_time` datetime NOT NULL DEFAULT '0000-00-00 00:00:00',
	`published` int(11) NOT NULL DEFAULT '1',
	PRIMARY KEY `id` (`id`),
	KEY `#__ars_updatestreams_published` (`published`),
	KEY `#__ars_updatestreams_jedid` (`jedid`)
) DEFAULT COLLATE utf8_general_ci;
            ]]></query>
        </action>

        <action table="#__ars_autoitemdesc" canfail="0">
            <condition type="missing" value="" />
            <query><![CDATA[
CREATE TABLE `#__ars_autoitemdesc` (
	`id` bigint(20) NOT NULL AUTO_INCREMENT,
	`category` bigint(20) unsigned NOT NULL,
	`packname` varchar(255) DEFAULT NULL,
	`title` varchar(255) NOT NULL,
	`description` MEDIUMTEXT NOT NULL,
	`environments` varchar(100) DEFAULT NULL,
	`published` int(11) NOT NULL DEFAULT '1',
	PRIMARY KEY `id` (`id`)
) DEFAULT COLLATE utf8_general_ci;
            ]]></query>
        </action>

        <action table="#__ars_environments" canfail="0">
            <condition type="missing" value="" />
            <query><![CDATA[
CREATE TABLE `#__ars_environments` (
  `id` bigint(20) NOT NULL AUTO_INCREMENT,
  `title` varchar(100) NOT NULL DEFAULT '',
  `xmltitle` varchar(20) NOT NULL DEFAULT '1.0',
  PRIMARY KEY (`id`)
) DEFAULT COLLATE utf8_general_ci;
            ]]></query>
        </action>

        <action table="#__ars_dlidlabels" canfail="0">
            <condition type="missing" value="" />
            <query><![CDATA[
CREATE TABLE `#__ars_dlidlabels` (
  `ars_dlidlabel_id` bigint(20) unsigned NOT NULL AUTO_INCREMENT,
  `user_id` bigint(20) unsigned NOT NULL,
  `primary` TINYINT(1) NOT NULL DEFAULT 0,
  `label` varchar(255) NOT NULL DEFAULT '',
  `dlid` CHAR(32) NOT NULL,
  `enabled` tinyint(3) NOT NULL DEFAULT '1',
  `created_by` bigint(20) NOT NULL DEFAULT '0',
  `created_on` datetime NOT NULL DEFAULT '0000-00-00 00:00:00',
  `modified_by` bigint(20) NOT NULL DEFAULT '0',
  `modified_on` datetime NOT NULL DEFAULT '0000-00-00 00:00:00',
  PRIMARY KEY (`ars_dlidlabel_id`)
) DEFAULT COLLATE utf8_general_ci;
            ]]></query>
            <query>
                INSERT INTO `#__ars_environments` (`id`, `title`, `xmltitle`)
                VALUES
                    (1, 'Joomla! 1.5', 'joomla/1.5'),
                    (2, 'Joomla! 1.6', 'joomla/1.6'),
                    (3, 'Joomla! 1.7', 'joomla/1.7'),
                    (4, 'Joomla! 2.5', 'joomla/2.5'),
                    (5, 'Joomla! 3.x', 'joomla/3'),
                    (6, 'Joomla! 3.0', 'joomla/3.0'),
                    (7, 'Joomla! 3.1', 'joomla/3.1'),
                    (8, 'Joomla! 3.2', 'joomla/3.2'),
                    (9, 'Joomla! 3.3', 'joomla/3.3'),
                    (10, 'Joomla! 3.4', 'joomla/3.4'),
                    (11, 'Joomla! 3.5', 'joomla/3.5'),
                    (28, 'Joomla! 3.6', 'joomla/3.6'),
                    (29, 'Joomla! 3.7', 'joomla/3.7'),
                    (30, 'Joomla! 3.8', 'joomla/3.8'),
                    (31, 'Joomla! 3.9', 'joomla/3.9'),
                    (32, 'Joomla! 4.0', 'joomla/4.0'),
                    (33, 'Joomla! 4.1', 'joomla/4.1'),
                    (12, 'Linux (32-bit)', 'linux/x86'),
                    (13, 'Linux (64-bit)', 'linux/x86-64'),
                    (14, 'macOS', 'macosx/10'),
                    (15, 'WHMCS 4.5.2', 'whmcs/4.5.2'),
                    (16, 'Windows 7', 'win/7'),
                    (17, 'Windows XP', 'win/xp'),
                    (34, 'Windows 8', 'win/8'),
                    (35, 'Windows 10', 'win/10'),
                    (18, 'WordPress 3.2+', 'wordpress/3'),
                    (19, 'WordPress 4.x', 'wordpress/4'),
                    (36, 'WordPress 5.x', 'wordpress/5'),
                    (37, 'ClassicPress 1.x', 'classicpress/1'),
                    (20, 'ePub', 'epub/3.0'),
                    (21, 'PDF', 'pdf/1.5'),
                    (22, 'PHP 5.2', 'php/5.2'),
                    (23, 'PHP 5.3', 'php/5.3'),
                    (24, 'PHP 5.4', 'php/5.4'),
                    (25, 'PHP 5.5', 'php/5.5'),
                    (26, 'PHP 5.6', 'php/5.6'),
                    (27, 'PHP 7.0', 'php/7.0'),
                    (38, 'PHP 7.1', 'php/7.1'),
                    (39, 'PHP 7.2', 'php/7.2'),
                    (40, 'PHP 7.3', 'php/7.3'),
                    (41, 'PHP 8.0', 'php/8.0')
                ;
            </query>
        </action>

        <action table="#__ars_items" canfail="1">
            <condition type="index" value="#__ars_items_release_id" operator="not"/>
            <query><![CDATA[
ALTER TABLE `#__ars_items` ADD INDEX `#__ars_items_release_id` (release_id);
            ]]></query>
        </action>

        <action table="#__ars_items" canfail="1">
            <condition type="index" value="#__ars_items_updatestream" operator="not"/>
            <query><![CDATA[
ALTER TABLE `#__ars_items` ADD INDEX `#__ars_items_updatestream` (updatestream);
            ]]></query>
        </action>

        <action table="#__ars_items" canfail="1">
            <condition type="index" value="#__ars_items_published" operator="not"/>
            <query><![CDATA[
ALTER TABLE `#__ars_items` ADD INDEX `#__ars_items_published` (published);
            ]]></query>
        </action>

        <action table="#__ars_releases" canfail="1">
            <condition type="index" value="#__ars_releases_category_id" operator="not"/>
            <query><![CDATA[
ALTER TABLE `#__ars_releases` ADD INDEX `#__ars_releases_category_id` (category_id);
            ]]></query>
        </action>

        <action table="#__ars_releases" canfail="1">
            <condition type="index" value="#__ars_releases_published" operator="not"/>
            <query><![CDATA[
ALTER TABLE `#__ars_releases` ADD INDEX `#__ars_releases_published` (published);
            ]]></query>
        </action>

        <action table="#__ars_categories" canfail="1">
            <condition type="index" value="#__ars_categories_published" operator="not"/>
            <query><![CDATA[
ALTER TABLE `#__ars_categories` ADD INDEX `#__ars_categories_published` (published);
            ]]></query>
        </action>

        <action table="#__ars_updatestreams" canfail="1">
            <condition type="index" value="#__ars_updatestreams_published" operator="not"/>
            <query><![CDATA[
ALTER TABLE `#__ars_updatestreams` ADD INDEX `#__ars_updatestreams_published` (published);
            ]]></query>
        </action>

        <action table="#__ars_vgroups" canfail="0">
            <condition type="missing" value="description" />
            <query><![CDATA[
ALTER TABLE `#__ars_vgroups` ADD COLUMN `description` mediumtext AFTER `title`;
            ]]></query>
        </action>

        <action table="#__ars_categories" canfail="0">
            <condition type="missing" value="show_unauth_links" />
            <query><![CDATA[
ALTER TABLE `#__ars_categories` ADD COLUMN `show_unauth_links` TINYINT NOT NULL DEFAULT '0' AFTER `access` ;
            ]]></query>
        </action>

        <action table="#__ars_releases" canfail="0">
            <condition type="missing" value="show_unauth_links" />
            <query><![CDATA[
ALTER TABLE `#__ars_releases` ADD COLUMN `show_unauth_links` TINYINT NOT NULL DEFAULT '0' AFTER `access` ;
            ]]></query>
        </action>

        <action table="#__ars_items" canfail="0">
            <condition type="missing" value="show_unauth_links" />
            <query><![CDATA[
ALTER TABLE `#__ars_items` ADD COLUMN `show_unauth_links` TINYINT NOT NULL DEFAULT '0' AFTER `access` ;
            ]]></query>
        </action>

        <action table="#__ars_categories" canfail="0">
            <condition type="missing" value="redirect_unauth" />
            <query><![CDATA[
ALTER TABLE `#__ars_categories` ADD COLUMN `redirect_unauth` VARCHAR( 255 ) NOT NULL AFTER `show_unauth_links`;
            ]]></query>
        </action>

        <action table="#__ars_releases" canfail="0">
            <condition type="missing" value="redirect_unauth" />
            <query><![CDATA[
ALTER TABLE `#__ars_releases` ADD COLUMN `redirect_unauth` VARCHAR( 255 ) NOT NULL AFTER `show_unauth_links`;
            ]]></query>
        </action>

        <action table="#__ars_items" canfail="0">
            <condition type="missing" value="redirect_unauth" />
            <query><![CDATA[
ALTER TABLE `#__ars_items` ADD COLUMN `redirect_unauth` VARCHAR( 255 ) NOT NULL AFTER `show_unauth_links`;
            ]]></query>
        </action>

        <action table="#__ars_updatestreams" canfail="0">
            <condition type="missing" value="jedid" />
            <query><![CDATA[
ALTER TABLE `#__ars_updatestreams` ADD COLUMN `jedid` bigint(20) NOT NULL AFTER `folder` ;
            ]]></query>
            <query canfail="1"><![CDATA[
ALTER TABLE `#__ars_updatestreams` ADD INDEX `#__ars_updatestreams_jedid` (`jedid`);
            ]]></query>
        </action>

        <action table="#__ars_dlidlabels" canfail="0">
            <condition type="missing" value="dlid" />
            <query><![CDATA[
ALTER TABLE `#__ars_dlidlabels` ADD COLUMN `dlid` CHAR(32) NOT NULL AFTER `label`
            ]]></query>
            <query canfail="1"><![CDATA[
ALTER TABLE `#__ars_dlidlabels` ADD INDEX `#__ars_dlidlabels_dlid` (`dlid`)
            ]]></query>
        </action>

        <action table="#__ars_dlidlabels" canfail="0">
            <condition type="missing" value="primary" />
            <query><![CDATA[
ALTER TABLE `#__ars_dlidlabels` ADD COLUMN `primary` TINYINT(1) NOT NULL DEFAULT 0 AFTER `user_id`
            ]]></query>
            <query canfail="1"><![CDATA[
ALTER TABLE `#__ars_dlidlabels` ADD INDEX `#__ars_dlidlabels_primary` (`primary`)
            ]]></query>
            <!-- Mark existing download IDs in #__ars_dlidlabels as secondary if nothing is specified -->
            <query><![CDATA[
UPDATE #__ars_dlidlabels SET `primary` = 0 WHERE `primary` IS NULL
            ]]></query>
            <!-- Insert primary download IDs for everyone without a primary download ID already set -->
            <query><![CDATA[
INSERT INTO `#__ars_dlidlabels` (`user_id`, `primary`, `label`, `dlid`, `enabled`)
SELECT
	`id` as `user_id`,
	1 as `primary`,
	'_MAIN_' as `label`,
	MD5(CONCAT(`id`, `username`, `password`)) as `dlid`,
	1 as `enabled`
FROM `#__users`
WHERE `id` NOT IN (
	SELECT DISTINCT `user_id` FROM `#__ars_dlidlabels` WHERE `primary` = 1
)
            ]]></query>
            <!-- Calculate the missing dlid row for already set secondart download IDs -->
            <query><![CDATA[
UPDATE
	`#__ars_dlidlabels` AS `ls`
LEFT JOIN
	`#__ars_dlidlabels` AS `p` ON(`p`.`user_id` = `ls`.`user_id`)
SET
	`ls`.`dlid` = MD5(CONCAT(`ls`.`user_id`, `ls`.`label`, `p`.`dlid`))
WHERE
	`ls`.`primary` = 0
	AND `ls`.`dlid` = ''
	AND `p`.`primary` = 1
            ]]></query>
        </action>

        <action table="#__ars_categories" canfail="0">
            <condition type="missing" value="is_supported" />
            <query><![CDATA[
ALTER TABLE `#__ars_categories` ADD COLUMN `is_supported` TINYINT NOT NULL DEFAULT '1' AFTER `published`;
            ]]></query>
        </action>

        <action table="#__ars_categories" canfail="0">
            <condition type="missing" value="asset_id" />
            <query><![CDATA[
ALTER TABLE `#__ars_categories` ADD COLUMN `asset_id` int(10) unsigned NOT NULL DEFAULT 0 COMMENT 'FK to the #__assets table.' AFTER `id`;
            ]]></query>
        </action>

        <action table="#__ars_items" canfail="0">
            <condition type="missing" value="sha256" />
            <query><![CDATA[
ALTER TABLE `#__ars_items` ADD COLUMN `sha256` varchar(64) DEFAULT NULL AFTER `sha1`;
            ]]></query>
        </action>

        <action table="#__ars_items" canfail="0">
            <condition type="missing" value="sha384" />
            <query><![CDATA[
ALTER TABLE `#__ars_items` ADD COLUMN `sha384` varchar(96) DEFAULT NULL AFTER `sha256`;
            ]]></query>
        </action>

        <action table="#__ars_items" canfail="0">
            <condition type="missing" value="sha512" />
            <query><![CDATA[
ALTER TABLE `#__ars_items` ADD COLUMN `sha512` varchar(128) DEFAULT NULL AFTER `sha384`;
            ]]></query>
        </action>

        <action table="#__ars_items" canfail="0">
            <condition type="missing" operator="not" value="icon" />
            <query><![CDATA[
ALTER TABLE `#___ars_environments` DROP COLUMN `icon`;
            ]]></query>
        </action>
    </sql>
</schema>
