<?xml version="1.0" encoding="utf-8"?>
<!--
  ~ @package   AkeebaReleaseSystem
  ~ @copyright Copyright (c)2010-2019 Nicholas K. Dionysopoulos / Akeeba Ltd
  ~ @license   GNU General Public License version 3, or later
  -->

<metadata>
	<creationDate>June 2015</creationDate>
	<author>Nicholas K. Dionysopoulos / AkeebaBackup.com</author>
	<authorEmail>nicholas@akeebabackup.com</authorEmail>
	<authorUrl>http://www.akeebabackup.com</authorUrl>
	<copyright>Copyright 2010 Nicholas K. Dionysopoulos</copyright>
</metadata>
