<?xml version="1.0" encoding="UTF-8"?>
<!--
  ~ @package   AkeebaReleaseSystem
  ~ @copyright Copyright (c)2010-2019 Nicholas K. Dionysopoulos / Akeeba Ltd
  ~ @license   GNU General Public License version 3, or later
  -->
<fof>
	<common>
		<container>
			<option name="componentNamespace">Akeeba\ReleaseSystem</option>
			<option name="factoryClass">FOF30\Factory\MagicFactory</option>
			<option name="scaffolding">0</option>
			<option name="saveScaffolding">0</option>
			<option name="rendererClass">FOF30\Render\FEF</option>
		</container>
	</common>

	<backend>
		<view name="*">
			<config>
				<option name="cacheableTasks"></option>
			</config>
		</view>
	</backend>

	<frontend>
		<container>
			<option name="factoryClass">FOF30\Factory\BasicFactory</option>
			<option name="scaffolding">0</option>
			<option name="saveScaffolding">0</option>
		</container>
	</frontend>
</fof>
